state,district,enr_18_plus,enr_0_5,enr_5_17
100000,100000,217,0,1
Andaman & Nicobar Islands,Andamans,0,70,5
Andaman & Nicobar Islands,Nicobars,0,1,0
Andaman & Nicobar Islands,South Andaman,0,38,0
Andaman and Nicobar Islands,Nicobar,0,64,11
Andaman and Nicobar Islands,North And Middle Andaman,0,128,4
Andaman and Nicobar Islands,South Andaman,0,178,12
Andhra Pradesh,Adilabad,1,1137,281
Andhra Pradesh,Alluri Sitharama Raju,34,1105,116
Andhra Pradesh,Anakapalli,8,523,12
Andhra Pradesh,Anantapur,0,4089,326
Andhra Pradesh,Ananthapur,0,1843,151
Andhra Pradesh,Ananthapuramu,10,3018,159
Andhra Pradesh,Annamayya,105,868,48
Andhra Pradesh,Bapatla,16,421,55
Andhra Pradesh,Chittoor,43,7493,659
Andhra Pradesh,Cuddapah,2,5519,413
Andhra Pradesh,Dr. B. R. Ambedkar Konaseema,17,618,30
Andhra Pradesh,East Godavari,10,7161,507
Andhra Pradesh,Eluru,16,568,45
Andhra Pradesh,Guntur,35,8769,925
Andhra Pradesh,Hyderabad,1,3831,1008
Andhra Pradesh,K.V.Rangareddy,0,55,14
Andhra Pradesh,K.v. Rangareddy,0,15,4
Andhra Pradesh,Kakinada,27,858,84
Andhra Pradesh,Karim Nagar,0,71,11
Andhra Pradesh,Karimnagar,0,552,107
Andhra Pradesh,Khammam,0,869,264
Andhra Pradesh,Krishna,34,6163,540
Andhra Pradesh,Kurnool,24,10923,823
Andhra Pradesh,Mahabub Nagar,0,1079,432
Andhra Pradesh,Mahabubnagar,0,7,0
Andhra Pradesh,Mahbubnagar,0,511,211
Andhra Pradesh,Medak,1,1176,229
Andhra Pradesh,N. T. R,46,790,97
Andhra Pradesh,Nalgonda,0,951,216
Andhra Pradesh,Nandyal,6,860,39
Andhra Pradesh,Nellore,2,4611,754
Andhra Pradesh,Nizamabad,0,453,71
Andhra Pradesh,Palnadu,25,759,76
Andhra Pradesh,Parvathipuram Manyam,8,464,36
Andhra Pradesh,Prakasam,61,6405,1157
Andhra Pradesh,Rangareddi,0,1478,405
Andhra Pradesh,Spsr Nellore,303,1167,713
Andhra Pradesh,Sri Potti Sriramulu Nellore,303,689,622
Andhra Pradesh,Sri Sathya Sai,19,879,40
Andhra Pradesh,Srikakulam,8,4157,135
Andhra Pradesh,Tirupati,228,802,689
Andhra Pradesh,Visakhapatanam,12,186,28
Andhra Pradesh,Visakhapatnam,30,7688,460
Andhra Pradesh,Vizianagaram,3,3695,158
Andhra Pradesh,Warangal,0,858,201
Andhra Pradesh,West Godavari,24,5568,343
Andhra Pradesh,Y. S. R,33,738,52
Arunachal Pradesh,Anjaw,3,23,11
Arunachal Pradesh,Changlang,13,486,304
Arunachal Pradesh,Dibang Valley,0,7,3
Arunachal Pradesh,East Kameng,14,88,79
Arunachal Pradesh,East Siang,2,80,86
Arunachal Pradesh,Kamle,2,3,25
Arunachal Pradesh,Kra Daadi,4,18,59
Arunachal Pradesh,Kurung Kumey,12,19,44
Arunachal Pradesh,Leparada,1,0,2
Arunachal Pradesh,Lohit,1,102,63
Arunachal Pradesh,Longding,37,141,719
Arunachal Pradesh,Lower Dibang Valley,2,58,49
Arunachal Pradesh,Lower Siang,3,10,18
Arunachal Pradesh,Lower Subansiri,0,50,55
Arunachal Pradesh,Namsai,1,95,54
Arunachal Pradesh,Pakke Kessang,1,2,1
Arunachal Pradesh,Papum Pare,5,201,241
Arunachal Pradesh,Shi-yomi,5,8,22
Arunachal Pradesh,Siang,4,39,60
Arunachal Pradesh,Tawang,7,104,43
Arunachal Pradesh,Tirap,1,59,39
Arunachal Pradesh,Upper Siang,1,21,21
Arunachal Pradesh,Upper Subansiri,12,76,55
Arunachal Pradesh,West Kameng,18,157,103
Arunachal Pradesh,West Siang,2,110,80
Assam,Bajali,2,19,8
Assam,Baksa,400,2120,1179
Assam,Barpeta,532,10545,3306
Assam,Biswanath,76,789,464
Assam,Bongaigaon,225,2324,626
Assam,Cachar,1527,11474,4513
Assam,Charaideo,194,659,336
Assam,Chirang,264,2013,1071
Assam,Darrang,1291,4390,1914
Assam,Dhemaji,1191,3864,1846
Assam,Dhubri,365,8432,3849
Assam,Dibrugarh,1492,3895,1675
Assam,Dima Hasao,28,119,103
Assam,Goalpara,797,6881,2220
Assam,Golaghat,1921,5537,4047
Assam,Hailakandi,311,3826,1441
Assam,Hojai,155,5288,1607
Assam,Jorhat,860,2905,1122
Assam,Kamrup,985,9311,3370
Assam,Kamrup Metro,1337,2654,2055
Assam,Karbi Anglong,1082,2918,4107
Assam,Karimganj,594,9336,4903
Assam,Kokrajhar,518,2519,1572
Assam,Lakhimpur,648,4726,1825
Assam,Majuli,11,347,157
Assam,Marigaon,824,6735,2928
Assam,Nagaon,393,9002,3478
Assam,Nalbari,195,2709,977
Assam,North Cachar Hills,137,501,420
Assam,Sibsagar,662,1561,514
Assam,Sivasagar,105,204,113
Assam,Sonitpur,973,5501,2723
Assam,South Salmara Mankachar,46,1062,364
Assam,Sribhumi,11,115,43
Assam,Tamulpur District,0,22,33
Assam,Tinsukia,1633,3884,2867
Assam,Udalguri,585,2658,1322
Assam,West Karbi Anglong,507,390,987
Bihar,Araria,125,9939,5515
Bihar,Arwal,34,812,3020
Bihar,Aurangabad,73,3001,7096
Bihar,Aurangabad(BH),0,5,3
Bihar,Aurangabad(bh),0,44,61
Bihar,Banka,79,6198,4797
Bihar,Begusarai,58,8106,5045
Bihar,Bhabua,0,14,17
Bihar,Bhagalpur,377,10456,10229
Bihar,Bhojpur,106,3136,10115
Bihar,Buxar,64,2528,4648
Bihar,Darbhanga,71,10017,5677
Bihar,East Champaran,805,10147,18371
Bihar,Gaya,435,6722,20244
Bihar,Gopalganj,196,5303,9649
Bihar,Jamui,160,5193,5029
Bihar,Jehanabad,141,915,3827
Bihar,Kaimur (Bhabua),85,3033,4707
Bihar,Katihar,115,11332,4903
Bihar,Khagaria,69,4348,3779
Bihar,Kishanganj,25,6957,1782
Bihar,Lakhisarai,68,2664,3423
Bihar,Madhepura,39,4571,4417
Bihar,Madhubani,798,12598,12534
Bihar,Monghyr,0,29,20
Bihar,Munger,108,2445,3534
Bihar,Muzaffarpur,665,14087,14103
Bihar,Nalanda,136,3676,10763
Bihar,Nawada,291,2742,12380
Bihar,Pashchim Champaran,562,5060,10737
Bihar,Patna,748,6745,17151
Bihar,Purba Champaran,0,61,66
Bihar,Purbi Champaran,800,4000,10071
Bihar,Purnea,0,169,88
Bihar,Purnia,184,12195,7721
Bihar,Rohtas,78,2741,5120
Bihar,Saharsa,205,6281,6577
Bihar,Samastipur,131,11289,7787
Bihar,Samstipur,0,41,41
Bihar,Saran,219,7592,16407
Bihar,Sheikhpura,21,1244,1934
Bihar,Sheikpura,0,11,18
Bihar,Sheohar,11,2067,1184
Bihar,Sitamarhi,2697,20679,18856
Bihar,Siwan,137,6149,9025
Bihar,Supaul,157,5691,4563
Bihar,Vaishali,52,8257,9698
Bihar,West Champaran,783,11585,18070
Chandigarh,Chandigarh,36,2473,211
Chandigarh,Rupnagar,0,3,0
Chhattisgarh,Balod,4,1603,71
Chhattisgarh,Baloda Bazar,33,4349,562
Chhattisgarh,Balrampur,69,4593,1528
Chhattisgarh,Bastar,6,4794,1808
Chhattisgarh,Bemetara,11,2458,302
Chhattisgarh,Bijapur,1362,3601,1761
Chhattisgarh,Bilaspur,19,7490,1432
Chhattisgarh,Dakshin Bastar Dantewada,24,1028,172
Chhattisgarh,Dantewada,0,584,126
Chhattisgarh,Dhamtari,3,1876,89
Chhattisgarh,Durg,47,3528,520
Chhattisgarh,Gariyaband,6,1307,229
Chhattisgarh,Gaurela-pendra-marwahi,5,115,20
Chhattisgarh,Gaurella Pendra Marwahi,70,623,290
Chhattisgarh,Janjgir - Champa,0,32,1
Chhattisgarh,Janjgir Champa,0,21,4
Chhattisgarh,Janjgir-champa,1,4066,572
Chhattisgarh,Jashpur,2,1666,875
Chhattisgarh,Kabeerdham,3,860,92
Chhattisgarh,Kanker,2,1426,277
Chhattisgarh,Kawardha,1,1884,257
Chhattisgarh,Khairagarh Chhuikhadan Gandai,0,183,63
Chhattisgarh,Kondagaon,9,1975,1054
Chhattisgarh,Korba,13,3040,489
Chhattisgarh,Koriya,1,1258,504
Chhattisgarh,Mahasamund,25,2773,563
Chhattisgarh,Manendragarh–Chirmiri–Bharatpur,0,188,106
Chhattisgarh,Mohalla-Manpur-Ambagarh Chowki,0,10,4
Chhattisgarh,Mohla-Manpur-Ambagarh Chouki,4,162,93
Chhattisgarh,Mungeli,2,2600,355
Chhattisgarh,Narayanpur,8,448,306
Chhattisgarh,Raigarh,37,4294,625
Chhattisgarh,Raipur,57,6205,779
Chhattisgarh,Rajnandgaon,23,3791,371
Chhattisgarh,Sakti,2,373,80
Chhattisgarh,Sarangarh-Bilaigarh,3,159,24
Chhattisgarh,Sukma,119,1256,804
Chhattisgarh,Surajpur,7,2250,720
Chhattisgarh,Surguja,11,2866,679
Chhattisgarh,Uttar Bastar Kanker,8,718,162
Dadra & Nagar Haveli,Dadra & Nagar Haveli,0,22,3
Dadra and Nagar Haveli,Dadra and Nagar Haveli,4,669,71
Dadra and Nagar Haveli and Daman and Diu,Dadra and Nagar Haveli,8,70,10
Dadra and Nagar Haveli and Daman and Diu,Daman,9,49,5
Dadra and Nagar Haveli and Daman and Diu,Diu,4,12,6
Daman & Diu,Daman,0,8,1
Daman & Diu,Diu,0,12,0
Daman and Diu,Daman,0,47,11
Daman and Diu,Diu,0,60,2
Delhi,Central Delhi,193,2761,993
Delhi,East Delhi,223,8055,2458
Delhi,Najafgarh,0,21,9
Delhi,New Delhi,217,918,502
Delhi,North Delhi,81,3148,1230
Delhi,North East,2,1328,408
Delhi,North East   *,0,2,0
Delhi,North East Delhi,65,8299,3749
Delhi,North West Delhi,355,12395,3293
Delhi,Shahdara,64,1121,515
Delhi,South Delhi,477,10138,2780
Delhi,South East Delhi,5,46,9
Delhi,South West Delhi,359,6951,1945
Delhi,West Delhi,1009,14000,4405
Goa,Bardez,0,2,0
Goa,North Goa,99,1109,146
Goa,South Goa,64,805,108
Gujarat,Ahmadabad,240,4105,2322
Gujarat,Ahmedabad,607,12844,5679
Gujarat,Amreli,246,3460,587
Gujarat,Anand,536,5616,828
Gujarat,Arvalli,117,1952,322
Gujarat,Banas Kantha,782,5997,6719
Gujarat,Banaskantha,1635,9944,5781
Gujarat,Bharuch,98,3745,508
Gujarat,Bhavnagar,445,8420,1309
Gujarat,Botad,171,2302,474
Gujarat,Chhotaudepur,589,2215,1303
Gujarat,Dahod,1277,5341,3891
Gujarat,Dang,162,531,179
Gujarat,Devbhumi Dwarka,223,1845,422
Gujarat,Dohad,670,5003,7330
Gujarat,Gandhinagar,738,4075,837
Gujarat,Gir Somnath,373,4375,975
Gujarat,Jamnagar,281,4998,799
Gujarat,Junagadh,92,4876,568
Gujarat,Kachchh,521,6176,2605
Gujarat,Kheda,517,5826,1224
Gujarat,Mahesana,293,5289,908
Gujarat,Mahisagar,130,2036,397
Gujarat,Morbi,653,5548,1803
Gujarat,Narmada,29,1155,96
Gujarat,Navsari,103,2453,201
Gujarat,Panch Mahals,100,858,444
Gujarat,Panchmahals,329,4828,1122
Gujarat,Patan,716,6023,2228
Gujarat,Porbandar,181,2006,332
Gujarat,Rajkot,919,12419,3732
Gujarat,Sabar Kantha,157,1083,1197
Gujarat,Sabarkantha,339,3603,1173
Gujarat,Surat,658,18412,6399
Gujarat,Surendra Nagar,337,4853,1665
Gujarat,Surendranagar,78,771,593
Gujarat,Tapi,151,1856,205
Gujarat,The Dangs,74,1068,186
Gujarat,Vadodara,545,9306,2433
Gujarat,Valsad,224,5818,1406
Haryana,Ambala,33,3063,122
Haryana,Bhiwani,16,3321,152
Haryana,Charkhi Dadri,0,839,19
Haryana,Faridabad,323,12607,3225
Haryana,Fatehabad,10,2510,92
Haryana,Gurgaon,197,5417,1247
Haryana,Gurugram,207,1804,625
Haryana,Hisar,18,4927,289
Haryana,Jhajjar,10,2515,99
Haryana,Jhajjar *,0,0,1
Haryana,Jind,0,3729,92
Haryana,Kaithal,12,2894,85
Haryana,Karnal,8,3861,179
Haryana,Kurukshetra,11,2315,78
Haryana,Mahendragarh,24,2575,155
Haryana,Mewat,19,6989,550
Haryana,Nuh,42,1251,213
Haryana,Palwal,4,4367,332
Haryana,Panchkula,5,1287,92
Haryana,Panipat,47,5498,543
Haryana,Rewari,6,2329,150
Haryana,Rohtak,61,3161,191
Haryana,Sirsa,2,3135,198
Haryana,Sonipat,37,4314,268
Haryana,Yamuna Nagar,8,3278,110
Haryana,Yamunanagar,0,56,3
Himachal Pradesh,Bilaspur,0,985,14
Himachal Pradesh,Chamba,7,1586,64
Himachal Pradesh,Hamirpur,1,1181,16
Himachal Pradesh,Kangra,22,3869,75
Himachal Pradesh,Kinnaur,5,137,21
Himachal Pradesh,Kullu,106,1022,111
Himachal Pradesh,Lahaul and Spiti,0,3,0
Himachal Pradesh,Lahul & Spiti,0,36,2
Himachal Pradesh,Lahul and Spiti,0,31,1
Himachal Pradesh,Mandi,11,2460,43
Himachal Pradesh,Shimla,21,1488,161
Himachal Pradesh,Sirmaur,7,1510,67
Himachal Pradesh,Solan,6,1105,65
Himachal Pradesh,Una,0,1226,21
Jammu & Kashmir,Anantnag,0,3,1
Jammu & Kashmir,Badgam,0,0,2
Jammu & Kashmir,Bandipur,0,2,0
Jammu & Kashmir,Baramula,0,43,4
Jammu & Kashmir,Doda,0,2,0
Jammu & Kashmir,Jammu,0,52,10
Jammu & Kashmir,Kargil,0,2,2
Jammu & Kashmir,Kathua,0,8,0
Jammu & Kashmir,Kupwara,0,8,1
Jammu & Kashmir,Leh (ladakh),0,3,0
Jammu & Kashmir,Pulwama,0,4,0
Jammu & Kashmir,Punch,0,1,0
Jammu & Kashmir,Rajauri,0,1,1
Jammu & Kashmir,Srinagar,0,2,1
Jammu & Kashmir,Udhampur,0,2,0
Jammu And Kashmir,Doda,17,261,260
Jammu And Kashmir,Shopian,20,308,84
Jammu and Kashmir,Anantnag,35,2975,340
Jammu and Kashmir,Badgam,1,1674,190
Jammu and Kashmir,Bandipore,43,1288,308
Jammu and Kashmir,Baramula,64,3155,528
Jammu and Kashmir,Budgam,15,793,51
Jammu and Kashmir,Doda,15,3186,763
Jammu and Kashmir,Ganderbal,11,773,59
Jammu and Kashmir,Jammu,36,3697,825
Jammu and Kashmir,Kargil,1,386,139
Jammu and Kashmir,Kathua,9,2635,310
Jammu and Kashmir,Kishtwar,6,1058,205
Jammu and Kashmir,Kulgam,9,970,232
Jammu and Kashmir,Kupwara,40,2392,443
Jammu and Kashmir,Leh,1,163,42
Jammu and Kashmir,Pulwama,15,1738,118
Jammu and Kashmir,Punch,17,2063,548
Jammu and Kashmir,Rajouri,9,2071,594
Jammu and Kashmir,Ramban,6,1317,597
Jammu and Kashmir,Reasi,9,1136,570
Jammu and Kashmir,Samba,9,532,47
Jammu and Kashmir,Shupiyan,1,537,128
Jammu and Kashmir,Srinagar,135,2851,270
Jammu and Kashmir,Udhampur,11,2446,349
Jammu and Kashmir,punch,0,1,0
Jharkhand,Bokaro,17,3505,2278
Jharkhand,Bokaro *,0,2,0
Jharkhand,Chatra,35,3448,2819
Jharkhand,Deoghar,127,4518,3679
Jharkhand,Dhanbad,92,6878,4061
Jharkhand,Dumka,86,2743,2996
Jharkhand,East Singhbhum,99,5983,2109
Jharkhand,East Singhbum,53,848,546
Jharkhand,Garhwa,15,4523,1535
Jharkhand,Garhwa *,0,314,67
Jharkhand,Giridih,82,7695,6526
Jharkhand,Godda,17,3238,2135
Jharkhand,Gumla,94,4083,2524
Jharkhand,Hazaribag,0,358,208
Jharkhand,Hazaribagh,31,4125,2048
Jharkhand,Jamtara,16,3160,1274
Jharkhand,Khunti,45,1426,1173
Jharkhand,Kodarma,0,184,126
Jharkhand,Koderma,12,2096,1114
Jharkhand,Latehar,11,1675,923
Jharkhand,Lohardaga,56,1984,919
Jharkhand,Pakaur,0,197,100
Jharkhand,Pakur,45,3971,2908
Jharkhand,Palamau,0,220,66
Jharkhand,Palamu,64,6548,1994
Jharkhand,Pashchimi Singhbhum,1,346,252
Jharkhand,Purbi Singhbhum,0,814,172
Jharkhand,Ramgarh,11,1902,1066
Jharkhand,Ranchi,334,9318,4613
Jharkhand,Sahebganj,15,3636,2670
Jharkhand,Sahibganj,0,187,178
Jharkhand,Seraikela-Kharsawan,30,2398,961
Jharkhand,Seraikela-kharsawan,0,545,316
Jharkhand,Simdega,13,1472,594
Jharkhand,West Singhbhum,48,4211,2589
Karnataka,Bagalkot,84,6158,900
Karnataka,Bagalkot *,0,218,31
Karnataka,Ballari,64,2450,267
Karnataka,Bangalore,4,5776,1236
Karnataka,Bangalore Rural,126,2251,267
Karnataka,Belagavi,120,7063,622
Karnataka,Belgaum,2,5861,880
Karnataka,Bellary,1,3623,596
Karnataka,Bengaluru,3807,20441,6732
Karnataka,Bengaluru Rural,621,1439,730
Karnataka,Bengaluru South,5,15,183
Karnataka,Bengaluru Urban,3796,12111,7167
Karnataka,Bidar,64,3960,896
Karnataka,Bijapur,5,3296,930
Karnataka,Bijapur(KAR),0,3,0
Karnataka,Chamarajanagar,0,232,17
Karnataka,Chamarajanagar *,0,23,0
Karnataka,Chamrajanagar,23,1988,216
Karnataka,Chamrajnagar,0,356,24
Karnataka,Chickmagalur,0,1129,102
Karnataka,Chikkaballapur,14,2842,296
Karnataka,Chikkamagaluru,38,1018,95
Karnataka,Chikmagalur,0,145,9
Karnataka,Chitradurga,45,4042,326
Karnataka,Dakshina Kannada,79,5896,530
Karnataka,Davanagere,0,437,46
Karnataka,Davangere,45,4416,352
Karnataka,Dharwad,19,4733,351
Karnataka,Gadag,20,4088,349
Karnataka,Gadag *,0,135,10
Karnataka,Gulbarga,3,3650,703
Karnataka,Hasan,0,944,49
Karnataka,Hassan,19,2333,142
Karnataka,Haveri,59,3917,266
Karnataka,Haveri *,0,111,6
Karnataka,Kalaburagi,84,4096,602
Karnataka,Kodagu,41,1095,75
Karnataka,Kolar,31,3841,314
Karnataka,Koppal,49,4752,650
Karnataka,Mandya,43,3401,150
Karnataka,Mysore,2,2857,214
Karnataka,Mysuru,248,3650,463
Karnataka,Raichur,104,7619,2056
Karnataka,Ramanagar,11,2559,379
Karnataka,Ramanagara,12,168,24
Karnataka,Shimoga,0,2111,149
Karnataka,Shivamogga,43,2004,182
Karnataka,Tumakuru,47,2792,161
Karnataka,Tumkur,0,2754,188
Karnataka,Udupi,43,3338,210
Karnataka,Udupi *,0,2,0
Karnataka,Uttara Kannada,30,3219,221
Karnataka,Vijayanagara,56,1822,241
Karnataka,Vijayapura,92,4662,842
Karnataka,Yadgir,111,4847,1300
Karnataka,yadgir,0,573,116
Kerala,Alappuzha,131,2536,892
Kerala,Ernakulam,332,4185,1807
Kerala,Idukki,28,1399,271
Kerala,Kannur,230,4013,1722
Kerala,Kasaragod,62,2695,798
Kerala,Kasargod,0,251,64
Kerala,Kollam,213,3814,1042
Kerala,Kottayam,52,2465,804
Kerala,Kozhikode,203,4587,1914
Kerala,Malappuram,246,10205,4116
Kerala,Palakkad,169,5174,1381
Kerala,Pathanamthitta,73,1398,480
Kerala,Thiruvananthapuram,433,4836,1394
Kerala,Thrissur,485,4914,1672
Kerala,Wayanad,18,1265,233
Ladakh,Kargil,7,365,120
Ladakh,Leh,11,101,13
Lakshadweep,Lakshadweep,1,192,10
Madhya Pradesh,Agar Malwa,29,2087,421
Madhya Pradesh,Alirajpur,369,3251,3390
Madhya Pradesh,Anuppur,13,2864,349
Madhya Pradesh,Ashok Nagar,167,3726,1285
Madhya Pradesh,Ashoknagar,94,1594,1323
Madhya Pradesh,Balaghat,28,6237,540
Madhya Pradesh,Barwani,667,12801,8355
Madhya Pradesh,Betul,130,6829,1207
Madhya Pradesh,Bhind,639,8483,4845
Madhya Pradesh,Bhopal,154,11256,1452
Madhya Pradesh,Burhanpur,388,6542,2759
Madhya Pradesh,Chhatarpur,367,11504,5965
Madhya Pradesh,Chhindwara,48,8308,625
Madhya Pradesh,Damoh,47,5081,938
Madhya Pradesh,Datia,43,3995,1805
Madhya Pradesh,Dewas,91,8393,1958
Madhya Pradesh,Dhar,425,8734,3553
Madhya Pradesh,Dindori,1,2409,249
Madhya Pradesh,East Nimar,21,2338,1500
Madhya Pradesh,Guna,66,7496,2249
Madhya Pradesh,Gwalior,830,12110,5602
Madhya Pradesh,Harda,18,1733,383
Madhya Pradesh,Harda *,0,503,107
Madhya Pradesh,Hoshangabad,12,5158,812
Madhya Pradesh,Indore,609,16685,5009
Madhya Pradesh,Jabalpur,101,10653,1713
Madhya Pradesh,Jhabua,332,6586,6570
Madhya Pradesh,Katni,118,8413,2410
Madhya Pradesh,Khandwa,82,3207,1232
Madhya Pradesh,Khargone,506,9870,4663
Madhya Pradesh,Maihar,20,378,20
Madhya Pradesh,Mandla,5,4645,261
Madhya Pradesh,Mandsaur,24,7444,808
Madhya Pradesh,Mauganj,1,379,58
Madhya Pradesh,Morena,670,14064,7647
Madhya Pradesh,Narmadapuram,29,608,100
Madhya Pradesh,Narsimhapur,0,966,223
Madhya Pradesh,Narsinghpur,92,3860,1222
Madhya Pradesh,Neemuch,17,4183,764
Madhya Pradesh,Niwari,9,117,16
Madhya Pradesh,Pandhurna,28,66,4
Madhya Pradesh,Panna,128,6807,2404
Madhya Pradesh,Raisen,122,6215,1230
Madhya Pradesh,Rajgarh,35,6542,1594
Madhya Pradesh,Ratlam,77,6427,1478
Madhya Pradesh,Rewa,29,9346,1463
Madhya Pradesh,Sagar,387,11572,1882
Madhya Pradesh,Satna,132,11198,1946
Madhya Pradesh,Sehore,55,5155,1308
Madhya Pradesh,Seoni,10,5558,513
Madhya Pradesh,Shahdol,59,4410,828
Madhya Pradesh,Shajapur,18,5937,1070
Madhya Pradesh,Sheopur,139,3765,3326
Madhya Pradesh,Shivpuri,747,7127,4867
Madhya Pradesh,Sidhi,15,5606,671
Madhya Pradesh,Singrauli,22,5669,859
Madhya Pradesh,Tikamgarh,29,5674,1539
Madhya Pradesh,Ujjain,95,12450,1763
Madhya Pradesh,Umaria,34,4360,906
Madhya Pradesh,Vidisha,170,7998,2206
Madhya Pradesh,West Nimar,6,618,136
Maharashtra,Ahilyanagar,0,12,1
Maharashtra,Ahmadnagar,129,9369,2338
Maharashtra,Ahmed Nagar,0,277,63
Maharashtra,Ahmednagar,28,182,158
Maharashtra,Akola,49,3966,693
Maharashtra,Amravati,107,5783,1025
Maharashtra,Aurangabad,145,12374,4874
Maharashtra,Beed,270,7454,2461
Maharashtra,Bhandara,6,1842,55
Maharashtra,Bid,0,439,129
Maharashtra,Buldana,0,963,112
Maharashtra,Buldhana,142,5849,1093
Maharashtra,Chandrapur,86,4014,375
Maharashtra,Chatrapati Sambhaji Nagar,16,114,81
Maharashtra,Chhatrapati Sambhajinagar,234,411,365
Maharashtra,Dharashiv,27,89,28
Maharashtra,Dhule,519,7244,4842
Maharashtra,Gadchiroli,22,2084,268
Maharashtra,Gondia,0,25,4
Maharashtra,Gondiya,6,2780,104
Maharashtra,Gondiya *,0,53,4
Maharashtra,Hingoli,373,6359,1457
Maharashtra,Hingoli *,0,1,0
Maharashtra,Jalgaon,227,10454,2579
Maharashtra,Jalna,19,4627,944
Maharashtra,Kolhapur,72,6423,985
Maharashtra,Latur,148,5828,1631
Maharashtra,Mumbai,77,10594,3881
Maharashtra,Mumbai City,166,2314,449
Maharashtra,Mumbai Suburban,790,12480,4946
Maharashtra,Mumbai( Sub Urban ),0,340,79
Maharashtra,Nagpur,233,10093,1502
Maharashtra,Nanded,336,9164,2447
Maharashtra,Nandurbar,237,7649,2630
Maharashtra,Nandurbar *,1,106,33
Maharashtra,Nashik,304,16262,5802
Maharashtra,Osmanabad,10,3303,713
Maharashtra,Palghar,165,7343,3191
Maharashtra,Parbhani,199,5062,1011
Maharashtra,Pune,1139,24088,6536
Maharashtra,Raigad,105,2585,743
Maharashtra,Raigarh,1,4414,815
Maharashtra,Raigarh(MH),0,72,16
Maharashtra,Ratnagiri,32,2352,219
Maharashtra,Sangli,133,5697,1802
Maharashtra,Satara,156,5148,717
Maharashtra,Sindhudurg,22,1121,59
Maharashtra,Solapur,260,9537,2495
Maharashtra,Thane,967,29092,13629
Maharashtra,Wardha,5,1859,89
Maharashtra,Washim,45,3041,300
Maharashtra,Washim *,0,28,4
Maharashtra,Yavatmal,201,6054,1339
Manipur,Bishnupur,42,516,559
Manipur,Chandel,5,244,510
Manipur,Churachandpur,108,1256,3274
Manipur,Imphal East,9,559,564
Manipur,Imphal West,32,645,559
Manipur,Jiribam,1,53,91
Manipur,Kakching,1,39,69
Manipur,Pherzawl,0,1,10
Manipur,Senapati,16,764,721
Manipur,Tamenglong,29,297,634
Manipur,Thoubal,6,423,638
Manipur,Ukhrul,14,343,424
Meghalaya,East Garo Hills,1674,1012,3366
Meghalaya,East Jaintia Hills,1796,983,2354
Meghalaya,East Khasi Hills,9948,4258,14606
Meghalaya,Eastern West Khasi Hills,589,3,226
Meghalaya,Jaintia Hills,0,4,0
Meghalaya,Kamrup,59,13,71
Meghalaya,North Garo Hills,758,457,1854
Meghalaya,Ri Bhoi,3372,1338,4598
Meghalaya,South Garo Hills,1446,568,2427
Meghalaya,South West Garo Hills,883,2417,1656
Meghalaya,South West Khasi Hills,1114,789,1543
Meghalaya,West Garo Hills,4540,4545,6790
Meghalaya,West Jaintia Hills,3798,2382,5636
Meghalaya,West Khasi Hills,5310,2410,8178
Mizoram,Aizawl,61,762,236
Mizoram,Champhai,91,805,269
Mizoram,Hnahthial,0,2,0
Mizoram,Khawzawl,24,5,7
Mizoram,Kolasib,35,189,51
Mizoram,Lawngtlai,97,1164,381
Mizoram,Lunglei,69,541,116
Mizoram,Mamit,3,141,27
Mizoram,Mammit,0,71,8
Mizoram,Saiha,102,374,181
Mizoram,Saitual,7,2,3
Mizoram,Serchhip,6,80,16
Nagaland,Chumukedima,50,37,97
Nagaland,Dimapur,276,1118,1802
Nagaland,Kiphire,52,163,693
Nagaland,Kohima,107,562,952
Nagaland,Longleng,48,205,636
Nagaland,Meluri,2,2,13
Nagaland,Mokokchung,43,132,315
Nagaland,Mon,171,618,1434
Nagaland,Niuland,2,14,15
Nagaland,Noklak,38,70,246
Nagaland,Peren,100,511,843
Nagaland,Phek,39,309,695
Nagaland,Shamator,23,3,221
Nagaland,Tseminyu,10,7,15
Nagaland,Tuensang,84,512,983
Nagaland,Wokha,30,118,410
Nagaland,Zunheboto,47,131,583
ODISHA,NUAPADA,0,1,0
Odisha,ANGUL,0,1,0
Odisha,ANUGUL,0,12,1
Odisha,Angul,14,2582,413
Odisha,Anugal,0,1,2
Odisha,Anugul,0,117,26
Odisha,Balangir,56,4254,924
Odisha,Baleshwar,0,641,204
Odisha,Baleswar,4,4864,1147
Odisha,Bargarh,3,4329,818
Odisha,Baudh,0,138,33
Odisha,Bhadrak,14,3369,1137
Odisha,Boudh,2,1177,245
Odisha,Cuttack,15,4040,1025
Odisha,Debagarh,5,776,95
Odisha,Dhenkanal,8,2358,525
Odisha,Gajapati,18,1658,318
Odisha,Ganjam,9,6709,996
Odisha,JAJPUR,49,1967,456
Odisha,Jagatsinghapur,24,2821,304
Odisha,Jagatsinghpur,0,626,68
Odisha,Jajapur,2,2014,481
Odisha,Jajpur,0,10,7
Odisha,Jharsuguda,0,1071,86
Odisha,Kalahandi,64,3350,1071
Odisha,Kandhamal,8,2603,438
Odisha,Kendrapara,48,3161,753
Odisha,Kendujhar,15,4330,1032
Odisha,Khorda,165,3496,654
Odisha,Khordha,13,385,98
Odisha,Koraput,46,3172,1165
Odisha,Malkangiri,4,2333,486
Odisha,Mayurbhanj,35,6227,1860
Odisha,NUAPADA,0,34,4
Odisha,Nabarangapur,65,4174,1990
Odisha,Nabarangpur,12,327,103
Odisha,Nayagarh,11,2080,271
Odisha,Nuapada,2,1666,413
Odisha,Puri,4,2959,548
Odisha,Rayagada,3,2370,672
Odisha,Sambalpur,1,2234,317
Odisha,Sonapur,1,1266,221
Odisha,Subarnapur,0,339,60
Odisha,Sundargarh,0,486,105
Odisha,Sundergarh,19,3341,640
Odisha,jajpur,0,14,4
Orissa,Anugul,0,42,9
Orissa,Balangir,0,328,108
Orissa,Baleshwar,0,337,47
Orissa,Baleswar,0,2,1
Orissa,Bargarh,0,82,7
Orissa,Baudh,0,4,0
Orissa,Bhadrak,0,332,39
Orissa,Cuttack,0,265,57
Orissa,Debagarh,0,7,0
Orissa,Dhenkanal,0,108,18
Orissa,Gajapati,0,8,0
Orissa,Ganjam,0,354,48
Orissa,Jagatsinghapur,0,31,4
Orissa,Jajapur,0,93,18
Orissa,Jharsuguda,0,25,0
Orissa,Kalahandi,0,11,0
Orissa,Kandhamal,0,30,2
Orissa,Kendrapara,0,49,4
Orissa,Kendrapara *,0,1,0
Orissa,Kendujhar,0,39,10
Orissa,Khorda,0,1,1
Orissa,Khordha,0,629,97
Orissa,Koraput,0,94,25
Orissa,Malkangiri,0,40,7
Orissa,Mayurbhanj,0,31,1
Orissa,Nabarangapur,0,1,2
Orissa,Nayagarh,0,92,12
Orissa,Nuapada,0,2,0
Orissa,Puri,0,194,26
Orissa,Rayagada,0,146,35
Orissa,Sambalpur,0,21,4
Orissa,Sonapur,0,22,0
Orissa,Subarnapur,0,6,0
Orissa,Sundargarh,0,121,18
Orissa,Sundergarh,0,0,1
Pondicherry,Karaikal,0,154,8
Pondicherry,Pondicherry,0,1015,69
Pondicherry,Yanam,0,24,2
Puducherry,Karaikal,12,363,30
Puducherry,Pondicherry,0,3,0
Puducherry,Puducherry,32,1213,85
Puducherry,Yanam,0,6,1
Punjab,Amritsar,247,7633,1775
Punjab,Barnala,8,926,79
Punjab,Bathinda,18,2388,298
Punjab,Faridkot,10,793,99
Punjab,Fatehgarh Sahib,13,891,144
Punjab,Fazilka,10,1630,271
Punjab,Ferozepur,5,1262,114
Punjab,Firozpur,0,347,48
Punjab,Gurdaspur,126,4436,558
Punjab,Hoshiarpur,218,3515,401
Punjab,Jalandhar,72,3314,732
Punjab,Kapurthala,1213,2067,446
Punjab,Ludhiana,832,12209,4573
Punjab,Malerkotla,8,711,146
Punjab,Mansa,19,998,107
Punjab,Moga,41,1335,159
Punjab,Muktsar,0,306,28
Punjab,Nawanshahr,0,169,23
Punjab,Pathankot,15,1033,67
Punjab,Patiala,83,4298,769
Punjab,Rupnagar,13,1140,93
Punjab,S.A.S Nagar,48,493,164
Punjab,S.A.S Nagar(Mohali),0,241,36
Punjab,SAS Nagar (Mohali),62,2398,493
Punjab,Sangrur,39,2087,203
Punjab,Shaheed Bhagat Singh Nagar,44,801,101
Punjab,Sri Muktsar Sahib,8,1157,150
Punjab,Tarn Taran,20,2646,273
Rajasthan,Ajmer,148,9200,2787
Rajasthan,Alwar,305,15764,7314
Rajasthan,Balotra,0,1,0
Rajasthan,Banswara,30,4203,3030
Rajasthan,Baran,77,4532,1658
Rajasthan,Barmer,96,10522,5233
Rajasthan,Beawar,0,1,0
Rajasthan,Bharatpur,175,10236,6643
Rajasthan,Bhilwara,183,7865,3035
Rajasthan,Bikaner,199,7464,5620
Rajasthan,Bundi,124,3414,1334
Rajasthan,Chittaurgarh,1,286,70
Rajasthan,Chittorgarh,128,3698,2160
Rajasthan,Churu,160,7888,4732
Rajasthan,Dausa,49,4277,1807
Rajasthan,Deeg,12,13,36
Rajasthan,Deeg ,0,1,7
Rajasthan,Dhaulpur,0,93,46
Rajasthan,Dholpur,150,5719,2711
Rajasthan,Didwana-Kuchaman,0,2,0
Rajasthan,Dungarpur,53,3869,2649
Rajasthan,Ganganagar,42,4186,1276
Rajasthan,Hanumangarh,41,3628,1271
Rajasthan,Jaipur,734,21436,8976
Rajasthan,Jaisalmer,51,1683,1120
Rajasthan,Jalor,234,7882,5875
Rajasthan,Jalore,13,298,183
Rajasthan,Jhalawar,56,4978,2002
Rajasthan,Jhunjhunu,0,210,101
Rajasthan,Jhunjhunun,86,5749,1776
Rajasthan,Jodhpur,928,14563,6724
Rajasthan,Karauli,109,5857,2670
Rajasthan,Kota,104,5545,1876
Rajasthan,Nagaur,208,11618,5441
Rajasthan,Pali,118,6300,2696
Rajasthan,Pratapgarh,18,2643,1133
Rajasthan,Rajsamand,29,3078,1405
Rajasthan,Salumbar,0,1,0
Rajasthan,Sawai Madhopur,86,4575,2083
Rajasthan,Sikar,176,8163,3061
Rajasthan,Sirohi,379,5500,4853
Rajasthan,Tonk,61,4198,1656
Rajasthan,Udaipur,192,8641,6073
Sikkim,East,2,215,153
Sikkim,East Sikkim,19,184,136
Sikkim,Mangan,1,0,2
Sikkim,Namchi,14,3,7
Sikkim,North,0,34,10
Sikkim,North Sikkim,0,45,17
Sikkim,South,1,88,108
Sikkim,South Sikkim,25,187,247
Sikkim,West,5,92,111
Sikkim,West Sikkim,39,206,256
Tamil Nadu,Ariyalur,80,1927,405
Tamil Nadu,Chengalpattu,72,862,319
Tamil Nadu,Chennai,198,7686,2159
Tamil Nadu,Coimbatore,43,7139,1804
Tamil Nadu,Cuddalore,44,7493,1093
Tamil Nadu,Dharmapuri,48,4840,851
Tamil Nadu,Dindigul,12,4678,1393
Tamil Nadu,Erode,8,4964,1045
Tamil Nadu,Kallakurichi,38,877,149
Tamil Nadu,Kancheepuram,67,9629,3354
Tamil Nadu,Kanchipuram,21,277,89
Tamil Nadu,Kanniyakumari,1,2139,135
Tamil Nadu,Kanyakumari,17,1896,92
Tamil Nadu,Karur,3,3362,654
Tamil Nadu,Krishnagiri,8,4157,910
Tamil Nadu,Madurai,39,8875,1024
Tamil Nadu,Mayiladuthurai,1,437,64
Tamil Nadu,Nagapattinam,0,3315,732
Tamil Nadu,Namakkal,9,4257,606
Tamil Nadu,Namakkal   *,0,0,1
Tamil Nadu,Perambalur,0,1898,232
Tamil Nadu,Pudukkottai,36,5339,1670
Tamil Nadu,Ramanathapuram,43,3318,644
Tamil Nadu,Ranipet,1,97,13
Tamil Nadu,Salem,224,8417,1608
Tamil Nadu,Sivaganga,21,3740,685
Tamil Nadu,Tenkasi,0,1150,118
Tamil Nadu,Thanjavur,20,5881,1471
Tamil Nadu,The Nilgiris,5,1279,430
Tamil Nadu,Theni,2,2908,563
Tamil Nadu,Thiruvallur,10,461,134
Tamil Nadu,Thiruvarur,3,3346,816
Tamil Nadu,Thoothukkudi,3,4439,877
Tamil Nadu,Tiruchirappalli,5,8396,1531
Tamil Nadu,Tirunelveli,2,8303,1370
Tamil Nadu,Tirupathur,0,4,0
Tamil Nadu,Tirupattur,2,944,102
Tamil Nadu,Tiruppur,5,5078,1109
Tamil Nadu,Tiruvallur,58,8712,2665
Tamil Nadu,Tiruvannamalai,33,6556,677
Tamil Nadu,Tiruvarur,0,1,0
Tamil Nadu,Tuticorin,0,1,1
Tamil Nadu,Vellore,53,8271,1309
Tamil Nadu,Villupuram,3,5854,915
Tamil Nadu,Viluppuram,0,4341,781
Tamil Nadu,Virudhunagar,11,4769,627
Telangana,Adilabad,3,2517,467
Telangana,Bhadradri Kothagudem,39,2490,682
Telangana,Hanumakonda,5,916,109
Telangana,Hyderabad,669,19721,5600
Telangana,Jagitial,9,1488,98
Telangana,Jangaon,0,66,15
Telangana,Jangoan,0,892,130
Telangana,Jayashankar Bhupalpally,4,670,173
Telangana,Jogulamba Gadwal,2,1543,299
Telangana,K.v. Rangareddy,164,13564,3681
Telangana,Kamareddy,2,1862,144
Telangana,Karimnagar,7,5115,686
Telangana,Khammam,9,2800,1079
Telangana,Komaram Bheem,0,917,189
Telangana,Mahabubabad,1,1249,253
Telangana,Mahabubnagar,16,7689,2463
Telangana,Mancherial,1,924,169
Telangana,Medak,7,6158,1379
Telangana,Medchal Malkajgiri,30,409,265
Telangana,Medchal-malkajgiri,106,3064,900
Telangana,Medchal?malkajgiri,0,1,1
Telangana,Medchal−malkajgiri,2,445,88
Telangana,Mulugu,4,700,233
Telangana,Nagarkurnool,2,1077,282
Telangana,Nalgonda,10,5405,1246
Telangana,Narayanpet,4,1082,224
Telangana,Nirmal,3,1292,106
Telangana,Nizamabad,9,5985,583
Telangana,Peddapalli,3,513,72
Telangana,Rajanna Sircilla,3,834,51
Telangana,Ranga Reddy,10,181,93
Telangana,Rangareddy,2,237,61
Telangana,Sangareddy,11,2224,468
Telangana,Siddipet,1,1701,174
Telangana,Suryapet,2,1743,297
Telangana,Vikarabad,2,2085,506
Telangana,Wanaparthy,0,1266,401
Telangana,Warangal,0,2462,490
Telangana,Warangal (urban),0,6,1
Telangana,Warangal Rural,2,660,70
Telangana,Warangal Urban,6,585,72
Telangana,Yadadri.,1,1380,205
The Dadra And Nagar Haveli And Daman And Diu,Dadra And Nagar Haveli,27,548,141
Tripura,Dhalai,36,777,607
Tripura,Dhalai  *,0,28,4
Tripura,Gomati,11,464,204
Tripura,Khowai,44,196,99
Tripura,North Tripura,26,1046,416
Tripura,Sepahijala,30,1121,577
Tripura,South Tripura,6,1348,804
Tripura,Unakoti,27,433,179
Tripura,West Tripura,75,1963,764
Uttar Pradesh,Agra,905,16314,12691
Uttar Pradesh,Aligarh,586,13830,11776
Uttar Pradesh,Allahabad,49,7254,5946
Uttar Pradesh,Ambedkar Nagar,50,3856,4096
Uttar Pradesh,Amethi,56,3890,3251
Uttar Pradesh,Amroha,61,5605,2476
Uttar Pradesh,Auraiya,17,2169,1547
Uttar Pradesh,Ayodhya,32,1027,634
Uttar Pradesh,Azamgarh,279,6717,13577
Uttar Pradesh,Baghpat,154,3482,3203
Uttar Pradesh,Bagpat,0,0,1
Uttar Pradesh,Bahraich,2304,14674,22360
Uttar Pradesh,Ballia,37,4079,5860
Uttar Pradesh,Balrampur,236,4181,7907
Uttar Pradesh,Banda,203,4825,5563
Uttar Pradesh,Bara Banki,92,5776,3218
Uttar Pradesh,Barabanki,52,1401,922
Uttar Pradesh,Bareilly,607,17187,10017
Uttar Pradesh,Basti,80,4823,5216
Uttar Pradesh,Bhadohi,4,265,277
Uttar Pradesh,Bijnor,73,12935,3843
Uttar Pradesh,Budaun,349,7773,7407
Uttar Pradesh,Bulandshahar,0,115,70
Uttar Pradesh,Bulandshahr,209,9155,7521
Uttar Pradesh,Chandauli,175,4405,4986
Uttar Pradesh,Chitrakoot,14,2951,2436
Uttar Pradesh,Deoria,114,4700,5443
Uttar Pradesh,Etah,159,6760,4345
Uttar Pradesh,Etawah,116,4173,2865
Uttar Pradesh,Faizabad,3,4052,2871
Uttar Pradesh,Farrukhabad,82,2844,2944
Uttar Pradesh,Fatehpur,225,6526,5582
Uttar Pradesh,Firozabad,124,7250,4926
Uttar Pradesh,Gautam Buddha Nagar,637,9002,9318
Uttar Pradesh,Ghaziabad,393,11984,10693
Uttar Pradesh,Ghazipur,71,4323,6894
Uttar Pradesh,Gonda,328,7445,7494
Uttar Pradesh,Gorakhpur,425,7454,12090
Uttar Pradesh,Hamirpur,27,2040,1398
Uttar Pradesh,Hapur,41,4450,2771
Uttar Pradesh,Hardoi,312,12591,12290
Uttar Pradesh,Hathras,82,3815,2596
Uttar Pradesh,Jalaun,125,2791,2641
Uttar Pradesh,Jaunpur,216,5400,10237
Uttar Pradesh,Jhansi,71,4570,2519
Uttar Pradesh,Jyotiba Phule Nagar,0,61,23
Uttar Pradesh,Kannauj,100,3083,3455
Uttar Pradesh,Kanpur Dehat,183,4032,3802
Uttar Pradesh,Kanpur Nagar,675,11427,12606
Uttar Pradesh,Kasganj,158,3206,2977
Uttar Pradesh,Kaushambi,69,4356,3038
Uttar Pradesh,Kheri,455,11282,12841
Uttar Pradesh,Kushi Nagar,14,779,777
Uttar Pradesh,Kushinagar,30,4449,6132
Uttar Pradesh,Kushinagar *,0,5,1
Uttar Pradesh,Lalitpur,72,3376,1305
Uttar Pradesh,Lucknow,454,13739,11321
Uttar Pradesh,Maharajganj,474,6132,11265
Uttar Pradesh,Mahoba,12,1979,1029
Uttar Pradesh,Mahrajganj,0,10,9
Uttar Pradesh,Mainpuri,187,5056,6483
Uttar Pradesh,Mathura,129,5851,5766
Uttar Pradesh,Mau,47,2590,4942
Uttar Pradesh,Meerut,252,14177,9598
Uttar Pradesh,Mirzapur,8,3536,4101
Uttar Pradesh,Moradabad,218,15196,6131
Uttar Pradesh,Muzaffarnagar,124,7250,4575
Uttar Pradesh,Pilibhit,213,8791,4631
Uttar Pradesh,Pratapgarh,56,5866,4386
Uttar Pradesh,Prayagraj,182,1428,1255
Uttar Pradesh,Rae Bareli,42,5812,3875
Uttar Pradesh,Raebareli,0,0,3
Uttar Pradesh,Rampur,302,12051,7757
Uttar Pradesh,Saharanpur,99,13708,5359
Uttar Pradesh,Sambhal,117,4744,3816
Uttar Pradesh,Sant Kabir Nagar,37,2789,3343
Uttar Pradesh,Sant Ravidas Nagar,4,1869,2547
Uttar Pradesh,Sant Ravidas Nagar Bhadohi,0,37,47
Uttar Pradesh,Shahjahanpur,447,12811,11033
Uttar Pradesh,Shamli,57,5530,2613
Uttar Pradesh,Shravasti,98,867,1570
Uttar Pradesh,Shrawasti,150,1816,3151
Uttar Pradesh,Siddharth Nagar,152,1603,2586
Uttar Pradesh,Siddharthnagar,399,4875,8739
Uttar Pradesh,Sitapur,748,16237,13869
Uttar Pradesh,Sonbhadra,13,2998,2023
Uttar Pradesh,Sultanpur,132,5465,5837
Uttar Pradesh,Unnao,367,9838,8943
Uttar Pradesh,Varanasi,451,9479,13404
Uttarakhand,Almora,8,1228,131
Uttarakhand,Bageshwar,2,675,65
Uttarakhand,Chamoli,7,1006,77
Uttarakhand,Champawat,1,769,96
Uttarakhand,Dehradun,134,7797,1554
Uttarakhand,Garhwal,0,52,4
Uttarakhand,Hardwar,0,118,28
Uttarakhand,Haridwar,52,4688,1215
Uttarakhand,Nainital,76,3417,458
Uttarakhand,Pauri Garhwal,14,1677,165
Uttarakhand,Pithoragarh,9,1065,146
Uttarakhand,Rudraprayag,0,874,82
Uttarakhand,Tehri Garhwal,13,2444,324
Uttarakhand,Udham Singh Nagar,18,5092,985
Uttarakhand,Uttarkashi,5,978,149
WEST BENGAL,HOOGHLY,0,3,1
WESTBENGAL,HOOGHLY,0,1,0
West  Bengal,Hooghly,0,9,6
West Bangal,Hooghly,0,5,1
West Bangal,Howrah,0,2,2
West Bengal,24 Paraganas North,512,3177,2458
West Bengal,24 Paraganas South,22,364,104
West Bengal,Alipurduar,438,1521,1714
West Bengal,Bankura,150,9083,2122
West Bengal,Barddhaman,14,12816,3006
West Bengal,Bardhaman,3,1345,428
West Bengal,Birbhum,107,13361,2041
West Bengal,Burdwan,0,2,0
West Bengal,Cooch Behar,246,7262,3220
West Bengal,Coochbehar,183,2140,2087
West Bengal,Dakshin Dinajpur,99,5358,1069
West Bengal,Darjeeling,773,3967,2579
West Bengal,Darjiling,2,535,189
West Bengal,Dinajpur Dakshin,34,707,256
West Bengal,Dinajpur Uttar,334,6478,4859
West Bengal,East Midnapore,4,1796,318
West Bengal,East Midnapur,0,1,0
West Bengal,HOOGHLY,0,2,0
West Bengal,HOWRAH,0,2,1
West Bengal,Haora,2,1943,917
West Bengal,Hawrah,0,3,3
West Bengal,Hooghiy,0,1,0
West Bengal,Hooghly,342,11132,3853
West Bengal,Howrah,146,8137,3124
West Bengal,Hugli,0,148,46
West Bengal,Jalpaiguri,538,5674,4442
West Bengal,Jhargram,50,741,171
West Bengal,KOLKATA,0,0,1
West Bengal,Kalimpong,153,176,184
West Bengal,Koch Bihar,10,2227,1111
West Bengal,Kolkata,723,5028,4610
West Bengal,MALDA,0,14,1
West Bengal,Malda,84,11775,3956
West Bengal,Maldah,0,1190,566
West Bengal,Medinipur,0,26,3
West Bengal,Medinipur West,20,325,300
West Bengal,Murshidabad,86,31442,4383
West Bengal,NADIA,0,3,0
West Bengal,Nadia,843,13244,3623
West Bengal,North 24 Parganas,1348,21517,5741
West Bengal,North Dinajpur,0,263,79
West Bengal,North Twenty Four Parganas,2,1226,399
West Bengal,Paschim Bardhaman,93,865,318
West Bengal,Paschim Medinipur,150,14240,3695
West Bengal,Purba Bardhaman,128,2523,390
West Bengal,Purba Medinipur,58,12954,1310
West Bengal,Purulia,1,539,243
West Bengal,Puruliya,133,9674,3412
West Bengal,South 24 Pargana,0,1,1
West Bengal,South 24 Parganas,304,25039,8197
West Bengal,South 24 parganas,0,2,0
West Bengal,South Dinajpur,0,375,71
West Bengal,South Twenty Four Parganas,4,2978,1125
West Bengal,Uttar Dinajpur,368,18397,8127
West Bengal,West Medinipur,0,1,1
West Bengal,West Midnapore,3,1647,540
West Bengal,hooghly,0,2,1
West Bengal,nadia,0,2,1
West bengal,hooghly,0,6,1
Westbengal,Hooghly,0,3,3
andhra pradesh,chittoor,0,4,0
andhra pradesh,rangareddi,0,1,0
